【整租】泊寓 金沙洲 泊寓金沙洲店,金沙洲,750-1000,http://gz.58.com/pinpaigongyu/31009385105844x.shtml?psid=145625414197166271725552747
【整租】芳村大道西 沙涌商业广场 1室0厅,沙涌商业广场,800,http://gz.58.com/pinpaigongyu/31184506261447x.shtml?psid=145625414197166271725552747
【整租】金沙洲 泊寓金沙洲店 1室1厅,泊寓金沙洲店,620,http://gz.58.com/pinpaigongyu/31253822136767x.shtml?psid=145625414197166271725552747
【整租】黄岐 威尔斯商业广场 1室1厅,威尔斯商业广场,800,http://gz.58.com/pinpaigongyu/31253475511232x.shtml?psid=145625414197166271725552747
【整租】桥中 威尔斯商业广场 1室1厅,威尔斯商业广场,800,http://gz.58.com/pinpaigongyu/31201012745423x.shtml?psid=145625414197166271725552747
【整租】金沙洲 泊寓横沙店 1室0厅,泊寓横沙店,999,http://gz.58.com/pinpaigongyu/31264510591424x.shtml?psid=145625414197166271725552747
【整租】金沙洲 泊寓横沙店 1室1厅,泊寓横沙店,999,http://gz.58.com/pinpaigongyu/30610496059973x.shtml?psid=145625414197166271725552747
【整租】芳村 沙涌商业广场 1室0厅,沙涌商业广场,800,http://gz.58.com/pinpaigongyu/31184377834427x.shtml?psid=145625414197166271725552747
【整租】窖口 沙涌商业广场 1室0厅,沙涌商业广场,800,http://gz.58.com/pinpaigongyu/31184313881130x.shtml?psid=145625414197166271725552747
【整租】黄沙 威尔斯商业广场 1室1厅,威尔斯商业广场,800,http://gz.58.com/pinpaigongyu/31201133116485x.shtml?psid=145625414197166271725552747
【整租】文冲 万科黄埔仓 3室1厅,万科黄埔仓,888,http://gz.58.com/pinpaigongyu/31009726873925x.shtml?psid=145625414197166271725552747
【整租】瑞东公寓 太和 米龙,太和,可短租,http://gz.58.com/pinpaigongyu/29981474133827x.shtml?psid=145625414197166271725552747
【整租】芳村 保利塞纳维拉、邦 1室0厅,保利塞纳维拉、邦,980,http://gz.58.com/pinpaigongyu/30940665013047x.shtml?psid=145625414197166271725552747
【整租】瑞东公寓 金洲 南沙板头村,金洲,900-1100,http://gz.58.com/pinpaigongyu/29849084144838x.shtml?psid=145625414197166271725552747
【合租】渔珠 万科黄埔仓 4室次卧,万科黄埔仓,919,http://gz.58.com/pinpaigongyu/31244545330359x.shtml?psid=145625414197166271725552747
【整租】世联红璞公寓 黄村 杨桃公园B栋,黄村,800-1180,http://gz.58.com/pinpaigongyu/31264351951662x.shtml?psid=145625414197166271725552747
【整租】龙溪 龙溪地铁站、凤池 1室0厅,龙溪地铁站、凤池,890,http://gz.58.com/pinpaigongyu/30022377011654x.shtml?psid=145625414197166271725552747
【整租】世联红璞公寓 人和 穗和家园,人和,1000-1400,http://gz.58.com/pinpaigongyu/31264318754496x.shtml?psid=145625414197166271725552747
【合租】车陂 万科黄埔仓 3室主卧,万科黄埔仓,989,http://gz.58.com/pinpaigongyu/31244532396230x.shtml?psid=145625414197166271725552747
【整租】瑞东公寓 柯木塱 柯木塱店,柯木塱,可短租,http://gz.58.com/pinpaigongyu/30058737995598x.shtml?psid=145625414197166271725552747
【整租】泊寓 金沙洲 泊寓金沙洲店,金沙洲,750-1000,http://gz.58.com/pinpaigongyu/31009385105844x.shtml?psid=199937932197166271775272894
【整租】中山八路 威尔斯商业广场 1室1厅,威尔斯商业广场,800,http://gz.58.com/pinpaigongyu/31201150785199x.shtml?psid=199937932197166271775272894
【整租】金沙洲 620起租|泊寓 1室1厅,620起租|泊寓,680,http://gz.58.com/pinpaigongyu/30932538268083x.shtml?psid=199937932197166271775272894
【整租】沙贝 620起租|万科 1室1厅,620起租|万科,680,http://gz.58.com/pinpaigongyu/31232062153411x.shtml?psid=199937932197166271775272894
【整租】南海 青年运动社区|泊 1室1厅,青年运动社区|泊,680,http://gz.58.com/pinpaigongyu/31219979449911x.shtml?psid=199937932197166271775272894
【整租】小北 泊寓滘口店仅余3 1室0厅,泊寓滘口店仅余3,990,http://gz.58.com/pinpaigongyu/31201085213519x.shtml?psid=199937932197166271775272894
【整租】十甫路 威尔斯商业广场 1室1厅,威尔斯商业广场,800,http://gz.58.com/pinpaigongyu/31201260310581x.shtml?psid=199937932197166271775272894
【整租】沙贝 泊寓 1室1厅,泊寓,620,http://gz.58.com/pinpaigongyu/31232073224781x.shtml?psid=199937932197166271775272894
【整租】金沙洲 低至660入住青 1室1厅,低至660入住青,660,http://gz.58.com/pinpaigongyu/31219993742134x.shtml?psid=199937932197166271775272894
【整租】中山八路 威尔斯商业广场 1室1厅,威尔斯商业广场,800,http://gz.58.com/pinpaigongyu/31253472068284x.shtml?psid=199937932197166271775272894
【整租】瑞东公寓 金洲 31店,金洲,700-750,http://gz.58.com/pinpaigongyu/29848995352506x.shtml?psid=199937932197166271775272894
【整租】瑞东公寓 太和 米龙,太和,可短租,http://gz.58.com/pinpaigongyu/29981474133827x.shtml?psid=199937932197166271775272894
【整租】芳村 保利公园九里、邦 1室0厅,保利公园九里、邦,890,http://gz.58.com/pinpaigongyu/31097223207741x.shtml?psid=199937932197166271775272894
【整租】世联红璞公寓 客村 红璞赤沙店2栋,客村,950-1200,http://gz.58.com/pinpaigongyu/31264481539904x.shtml?psid=199937932197166271775272894
【整租】瑞东公寓 太和 大源店,太和,可短租,http://gz.58.com/pinpaigongyu/29823632477621x.shtml?psid=199937932197166271775272894
【整租】世联红璞公寓 黄村 杨桃公园B栋,黄村,800-1180,http://gz.58.com/pinpaigongyu/31264351951662x.shtml?psid=199937932197166271775272894
【整租】芳村 保利塞纳维拉、邦 1室1厅,保利塞纳维拉、邦,可短租,http://gz.58.com/pinpaigongyu/30741590490829x.shtml?psid=199937932197166271775272894
【整租】瑞东公寓 太和 米龙,太和,可短租,http://gz.58.com/pinpaigongyu/29979275217610x.shtml?psid=199937932197166271775272894
【合租】黄埔区府 万科黄埔仓 3室次卧,万科黄埔仓,888,http://gz.58.com/pinpaigongyu/30787312187321x.shtml?psid=199937932197166271775272894
【整租】荔湾周边 雅居乐蓝湾、雍景 1室0厅,雅居乐蓝湾、雍景,可短租,http://gz.58.com/pinpaigongyu/31097289085371x.shtml?psid=199937932197166271775272894
【整租】泊寓 金沙洲 泊寓金沙洲店,金沙洲,750-1000,http://gz.58.com/pinpaigongyu/31009385105844x.shtml?psid=157923977197166271826619311
【整租】桥中 威尔斯商业广场 1室1厅,威尔斯商业广场,800,http://gz.58.com/pinpaigongyu/31201334256448x.shtml?psid=157923977197166271826619311
【整租】金沙洲 泊寓金沙洲店 | 1室1厅,泊寓金沙洲店,680,http://gz.58.com/pinpaigongyu/30621362538950x.shtml?psid=157923977197166271826619311
【整租】西关 威尔斯商业广场 1室1厅,威尔斯商业广场,800,http://gz.58.com/pinpaigongyu/31201114250034x.shtml?psid=157923977197166271826619311
【整租】窖口 威尔斯商业广场 1室1厅,威尔斯商业广场,800,http://gz.58.com/pinpaigongyu/31201412223409x.shtml?psid=157923977197166271826619311
【整租】金沙洲 620起租|泊寓 1室1厅,620起租|泊寓,680,http://gz.58.com/pinpaigongyu/31232053957191x.shtml?psid=157923977197166271826619311
【整租】金沙洲 泊寓横沙店 1室1厅,泊寓横沙店,999,http://gz.58.com/pinpaigongyu/30599169903159x.shtml?psid=157923977197166271826619311
【整租】南海 金沙洲 泊寓精装 1室1厅,金沙洲,680,http://gz.58.com/pinpaigongyu/31232053087036x.shtml?psid=157923977197166271826619311
【整租】南海 公司团租|泊寓金 1室1厅,公司团租|泊寓金,680,http://gz.58.com/pinpaigongyu/31219994910281x.shtml?psid=157923977197166271826619311
【整租】西关 威尔斯商业广场 1室1厅,威尔斯商业广场,800,http://gz.58.com/pinpaigongyu/31253455499211x.shtml?psid=157923977197166271826619311
【整租】瑞东公寓 龙归 龙归如家公寓,龙归,可短租,http://gz.58.com/pinpaigongyu/29827354492601x.shtml?psid=157923977197166271826619311
【整租】瑞东公寓 太和 米龙,太和,可短租,http://gz.58.com/pinpaigongyu/29981474133827x.shtml?psid=157923977197166271826619311
【整租】瑞东公寓 龙归 新科公交站,龙归,750-950,http://gz.58.com/pinpaigongyu/31019864276921x.shtml?psid=157923977197166271826619311
【整租】瑞东公寓 南海 泌冲店,南海,可短租,http://gz.58.com/pinpaigongyu/30069334917169x.shtml?psid=157923977197166271826619311
【整租】瑞东公寓 金洲 31店,金洲,699-750,http://gz.58.com/pinpaigongyu/29746495053003x.shtml?psid=157923977197166271826619311
【整租】世联红璞公寓 黄村 杨桃公园B栋,黄村,800-1180,http://gz.58.com/pinpaigongyu/31264351951662x.shtml?psid=157923977197166271826619311
【整租】瑞东公寓 南海 泌冲店,南海,800-1000,http://gz.58.com/pinpaigongyu/30069336245065x.shtml?psid=157923977197166271826619311
【整租】瑞东公寓 新区 花都二期,新区,可短租,http://gz.58.com/pinpaigongyu/29915665282383x.shtml?psid=157923977197166271826619311
【整租】瑞东公寓 窖口 滘口郭村公寓,窖口,可短租,http://gz.58.com/pinpaigongyu/30003154395335x.shtml?psid=157923977197166271826619311
【整租】瑞东公寓 龙归 竹仔园公寓,龙归,可短租,http://gz.58.com/pinpaigongyu/29915856842945x.shtml?psid=157923977197166271826619311
【整租】泊寓 金沙洲 泊寓金沙洲店,金沙洲,750-1000,http://gz.58.com/pinpaigongyu/31009385105844x.shtml?psid=186319191197166271896076072
【整租】多宝路 威尔斯商业广场 1室1厅,威尔斯商业广场,800,http://gz.58.com/pinpaigongyu/31201221009103x.shtml?psid=186319191197166271896076072
【整租】黄沙 威尔斯商业广场 1室1厅,威尔斯商业广场,800,http://gz.58.com/pinpaigongyu/31207498757045x.shtml?psid=186319191197166271896076072
【整租】南海 泊寓金沙洲店 1室1厅,泊寓金沙洲店,680,http://gz.58.com/pinpaigongyu/31039998855375x.shtml?psid=186319191197166271896076072
【整租】中山八路 威尔斯商业广场 1室1厅,威尔斯商业广场,800,http://gz.58.com/pinpaigongyu/31201295599176x.shtml?psid=186319191197166271896076072
【整租】金沙洲 泊寓横沙店 1室0厅,泊寓横沙店,999,http://gz.58.com/pinpaigongyu/31264170553663x.shtml?psid=186319191197166271896076072
【整租】小北 威尔斯商业广场 1室1厅,威尔斯商业广场,800,http://gz.58.com/pinpaigongyu/31253390451264x.shtml?psid=186319191197166271896076072
【整租】盐步 沙涌商业广场 1室0厅,沙涌商业广场,800,http://gz.58.com/pinpaigongyu/31184454919242x.shtml?psid=186319191197166271896076072
【整租】金沙洲 泊寓金沙洲店 1室1厅,泊寓金沙洲店,680,http://gz.58.com/pinpaigongyu/31087704080579x.shtml?psid=186319191197166271896076072
【整租】金沙洲 泊寓 1室1厅,泊寓,680,http://gz.58.com/pinpaigongyu/30577049682883x.shtml?psid=186319191197166271896076072
【整租】泊寓 金沙洲 泊寓金沙洲店,金沙洲,750-1000,http://gz.58.com/pinpaigongyu/31009385105844x.shtml?psid=190646381197166271931470532
【整租】金沙洲 泊寓公寓 | 精 1室1厅,【整租】金沙洲,680,http://gz.58.com/pinpaigongyu/30577067246787x.shtml?psid=190646381197166271931470532
【整租】南岸路 威尔斯商业广场 1室1厅,威尔斯商业广场,800,http://gz.58.com/pinpaigongyu/31207534896202x.shtml?psid=190646381197166271931470532
【整租】金沙洲 泊寓横沙店 1室0厅,泊寓横沙店,999,http://gz.58.com/pinpaigongyu/31264548948685x.shtml?psid=190646381197166271931470532
【整租】淘金 泊寓滘口店 1室0厅,泊寓滘口店,990,http://gz.58.com/pinpaigongyu/31201031763252x.shtml?psid=190646381197166271931470532
【整租】中山八路 沙涌商业广场 1室0厅,沙涌商业广场,800,http://gz.58.com/pinpaigongyu/31184482005835x.shtml?psid=190646381197166271931470532
【整租】窖口 城市青年家仅余3 1室0厅,城市青年家仅余3,990,http://gz.58.com/pinpaigongyu/31242665130293x.shtml?psid=190646381197166271931470532
【整租】金沙洲 泊寓横沙店 1室0厅,泊寓横沙店,999,http://gz.58.com/pinpaigongyu/30610484545330x.shtml?psid=190646381197166271931470532
【整租】金沙洲 泊寓横沙店 1室1厅,泊寓横沙店,999,http://gz.58.com/pinpaigongyu/30610486930485x.shtml?psid=190646381197166271931470532
【整租】沙贝 复式loft|青 1室1厅,复式loft|青,680,http://gz.58.com/pinpaigongyu/31232052117803x.shtml?psid=190646381197166271931470532
【整租】泊寓 金沙洲 泊寓金沙洲店,金沙洲,750-1000,http://gz.58.com/pinpaigongyu/31009385105844x.shtml?psid=159743686197166271975592516
【整租】金沙洲 泊寓横沙店 1室1厅,泊寓横沙店,999,http://gz.58.com/pinpaigongyu/30610485991369x.shtml?psid=159743686197166271975592516
【整租】桥中 沙涌商业广场 1室0厅,沙涌商业广场,800,http://gz.58.com/pinpaigongyu/31184357269304x.shtml?psid=159743686197166271975592516
【整租】沙面 威尔斯商业广场 1室1厅,威尔斯商业广场,800,http://gz.58.com/pinpaigongyu/31233121134772x.shtml?psid=159743686197166271975592516
【整租】金沙洲 泊寓金沙洲店 1室1厅,泊寓金沙洲店,620,http://gz.58.com/pinpaigongyu/31220001618512x.shtml?psid=159743686197166271975592516
【整租】站前路 威尔斯商业广场 1室1厅,威尔斯商业广场,800,http://gz.58.com/pinpaigongyu/31201194817725x.shtml?psid=159743686197166271975592516
【整租】金沙洲 泊寓横沙店 1室0厅,泊寓横沙店,999,http://gz.58.com/pinpaigongyu/30599026982202x.shtml?psid=159743686197166271975592516
【整租】芳村大道西 威尔斯商业广场 1室1厅,威尔斯商业广场,800,http://gz.58.com/pinpaigongyu/31201240546739x.shtml?psid=159743686197166271975592516
【整租】金沙洲 泊寓横沙店 1室1厅,泊寓横沙店,999,http://gz.58.com/pinpaigongyu/31207501688002x.shtml?psid=159743686197166271975592516
【整租】金沙洲 泊寓横沙店 1室0厅,泊寓横沙店,999,http://gz.58.com/pinpaigongyu/31264410706766x.shtml?psid=159743686197166271975592516
【整租】泊寓 金沙洲 泊寓金沙洲店,金沙洲,750-1000,http://gz.58.com/pinpaigongyu/31009385105844x.shtml?psid=195822538197166272015269661
【整租】罗冲围 泊寓精装修Lof 1室1厅,泊寓精装修Lof,620,http://gz.58.com/pinpaigongyu/31232057116972x.shtml?psid=195822538197166272015269661
【整租】沙贝 泊寓横沙店 1室0厅,泊寓横沙店,999,http://gz.58.com/pinpaigongyu/31264575482030x.shtml?psid=195822538197166272015269661
【整租】南海 浔峰岗 | 泊寓 1室1厅,浔峰岗,680,http://gz.58.com/pinpaigongyu/31232067631299x.shtml?psid=195822538197166272015269661
【整租】小北 威尔斯商业广场 1室1厅,威尔斯商业广场,720,http://gz.58.com/pinpaigongyu/31230175246893x.shtml?psid=195822538197166272015269661
【整租】窖口 威尔斯商业广场 1室1厅,威尔斯商业广场,800,http://gz.58.com/pinpaigongyu/31201092101420x.shtml?psid=195822538197166272015269661
【整租】桥中 威尔斯商业广场 1室1厅,威尔斯商业广场,800,http://gz.58.com/pinpaigongyu/31253478137277x.shtml?psid=195822538197166272015269661
【整租】金沙洲 泊寓横沙店 1室0厅,泊寓横沙店,999,http://gz.58.com/pinpaigongyu/30599027890356x.shtml?psid=195822538197166272015269661
【整租】金沙洲 泊寓横沙店 1室1厅,泊寓横沙店,999,http://gz.58.com/pinpaigongyu/30599030936911x.shtml?psid=195822538197166272015269661
【整租】金沙洲 低至620 运动 1室1厅,低至620,620,http://gz.58.com/pinpaigongyu/31040002920637x.shtml?psid=195822538197166272015269661
【整租】泊寓 金沙洲 泊寓金沙洲店,金沙洲,750-1000,http://gz.58.com/pinpaigongyu/31009385105844x.shtml?psid=103981249197166272055978028
【整租】金沙洲 泊寓横沙店 1室0厅,泊寓横沙店,999,http://gz.58.com/pinpaigongyu/31250914557630x.shtml?psid=103981249197166272055978028
【整租】站前路 沙涌商业广场 1室0厅,沙涌商业广场,800,http://gz.58.com/pinpaigongyu/31184535469755x.shtml?psid=103981249197166272055978028
【整租】金沙洲 泊寓金沙洲店 1室1厅,泊寓金沙洲店,620,http://gz.58.com/pinpaigongyu/31253818010446x.shtml?psid=103981249197166272055978028
